thread_id,checkpoint_ns,checkpoint_id,parent_checkpoint_id,type,checkpoint,metadata
b120297d-d634-4086-86de-23ebe46762ab,"",1f0f2cf0-19b6-6d28-bfff-e41871a10d98,,msgpack,"‡¡v¢tsÙ 2026-01-16T11:32:14.760064+00:00¢idÙ$1f0f2cf0-19b6-6d28-bfff-e41871a10d98®channel_values©__start__Š¨messages‘Ç¢”½langchain_core.messages.human¬HumanMessage†§content½roadmap to be a python master±additional_kwargs€±response_metadata€¤type¥human¤nameÀ¢idÀ³model_validate_json°success_criteriaÙ'The answer should be clear and accurate°feedback_on_workÀ´success_criteria_metÂ±user_input_neededÂ±planning_completeÂ³clarification_count","{""source"": ""input"", ""step"": -1, ""parents"": {}}"
b120297d-d634-4086-86de-23ebe46762ab,"",1f0f2cf0-19b9-615e-8000-b1b3b7334a51,1f0f2cf0-19b6-6d28-bfff-e41871a10d98,msgpack,"‡¡v¢tsÙ 2026-01-16T11:32:14.760987+00:00¢idÙ$1f0f2cf0-19b9-615e-8000-b1b3b7334a51®channel_values‹¨messages‘ÇÇ”½langchain_core.messages.human¬HumanMessage†§content½roadmap to be a python master±additional_kwargs€±response_metadata€¤type¥human¤nameÀ¢idÙ$de4826ee-ad24-4d02-9ea5-39c69a8f8493³model_validate_json°success_criteriaÙ'The answer should be clear and accurate°feedback_on_workÀ´success_criteria_metÂ±user_input_neededÂ±planning_completeÂ³clarification_count","{""source"": ""loop"", ""step"": 0, ""parents"": {}}"
b120297d-d634-4086-86de-23ebe46762ab,"",1f0f2cf0-3ced-6c88-8001-ed26e923c8ac,1f0f2cf0-19b9-615e-8000-b1b3b7334a51,msgpack,"‡¡v¢tsÙ 2026-01-16T11:32:18.452585+00:00¢idÙ$1f0f2cf0-3ced-6c88-8001-ed26e923c8ac®channel_valuesŠ¨messages’ÇÇ”½langchain_core.messages.human¬HumanMessage†§content½roadmap to be a python master±additional_kwargs€±response_metadata€¤type¥human¤nameÀ¢idÙ$de4826ee-ad24-4d02-9ea5-39c69a8f8493³model_validate_jsonÈ”ºlangchain_core.messages.ai©AIMessage‰§contentÚBBefore I proceed, I have some questions:
- What is your current level of Python knowledge (beginner, intermediate, advanced)?
- Are there specific areas of Python you want to focus on (e.g., web development, data science, automation)?
- What is your timeline for becoming proficient in Python (e.g., weeks, months, years)?±additional_kwargs€±response_metadata€¤type¢ai¤nameÀ¢idÙ$a46b4a25-94ea-403e-93db-99a6bb66d625ªtool_calls²invalid_tool_calls®usage_metadataÀ³model_validate_json°success_criteriaÙ'The answer should be clear and accurate°feedback_on_workÀ´success_criteria_metÂ±user_input_neededÃ±planning_completeÂ³clarification_count°enhanced_contextÀ°original_request½roadmap to be a python master±recommended_agentÀ°channel_versionsŒ©__start__Ù300000000000000000000000000000002.0.9102506328933238¨messagesÙ300000000000000000000000000000003.0.7503061158260599°success_criteriaÙ300000000000000000000000000000002.0.9102506328933238°feedback_on_workÙ300000000000000000000000000000002.0.9102506328933238´success_criteria_metÙ300000000000000000000000000000002.0.9102506328933238±user_input_neededÙ300000000000000000000000000000003.0.7503061158260599±planning_completeÙ300000000000000000000000000000003.0.7503061158260599³clarification_countÙ300000000000000000000000000000003.0.7503061158260599°enhanced_contextÙ300000000000000000000000000000002.0.9102506328933238°original_requestÙ300000000000000000000000000000003.0.7503061158260599±recommended_agentÙ300000000000000000000000000000002.0.9102506328933238±branch:to:plannerÙ300000000000000000000000000000003.0.7503061158260599­versions_seenƒ©__input__€©__start__©__start__Ù400000000000000000000000000000001.0.27388454045760413§planner±branch:to:plannerÙ300000000000000000000000000000002.0.9102506328933238°updated_channels•³clarification_count¨messages°original_request±planning_complete±user_input_needed","{""source"": ""loop"", ""step"": 1, ""parents"": {}}"
b120297d-d634-4086-86de-23ebe46762ab,"",1f0f2cf1-0eed-6044-8002-1a33f81e603b,1f0f2cf0-3ced-6c88-8001-ed26e923c8ac,msgpack,"‡¡v¢tsÙ 2026-01-16T11:32:40.472325+00:00¢idÙ$1f0f2cf1-0eed-6044-8002-1a33f81e603b®channel_values‹¨messages’ÇÇ”½langchain_core.messages.human¬HumanMessage†§content½roadmap to be a python master±additional_kwargs€±response_metadata€¤type¥human¤nameÀ¢idÙ$de4826ee-ad24-4d02-9ea5-39c69a8f8493³model_validate_jsonÈ”ºlangchain_core.messages.ai©AIMessage‰§contentÚBBefore I proceed, I have some questions:
- What is your current level of Python knowledge (beginner, intermediate, advanced)?
- Are there specific areas of Python you want to focus on (e.g., web development, data science, automation)?
- What is your timeline for becoming proficient in Python (e.g., weeks, months, years)?±additional_kwargs€±response_metadata€¤type¢ai¤nameÀ¢idÙ$a46b4a25-94ea-403e-93db-99a6bb66d625ªtool_calls²invalid_tool_calls®usage_metadataÀ³model_validate_json°success_criteriaÙ'The answer should be clear and accurate°feedback_on_workÀ´success_criteria_metÂ±user_input_neededÃ±planning_completeÂ³clarification_count°enhanced_contextÀ°original_request½roadmap to be a python master±recommended_agentÀ©__start__¨messages‘Ç¨”½langchain_core.messages.human¬HumanMessage†§contentÙ""intermdeiate, data science, 5weeks±additional_kwargs€±response_metadata€¤type¥human¤nameÀ¢idÀ³model_validate_json°channel_versionsŒ©__start__Ù300000000000000000000000000000004.0.6296745532498368¨messagesÙ300000000000000000000000000000003.0.7503061158260599°success_criteriaÙ300000000000000000000000000000002.0.9102506328933238°feedback_on_workÙ300000000000000000000000000000002.0.9102506328933238´success_criteria_metÙ300000000000000000000000000000002.0.9102506328933238±user_input_neededÙ300000000000000000000000000000003.0.7503061158260599±planning_completeÙ300000000000000000000000000000003.0.7503061158260599³clarification_countÙ300000000000000000000000000000003.0.7503061158260599°enhanced_contextÙ300000000000000000000000000000002.0.9102506328933238°original_requestÙ300000000000000000000000000000003.0.7503061158260599±recommended_agentÙ300000000000000000000000000000002.0.9102506328933238±branch:to:plannerÙ300000000000000000000000000000003.0.7503061158260599­versions_seenƒ©__input__€©__start__©__start__Ù400000000000000000000000000000001.0.27388454045760413§planner±branch:to:plannerÙ300000000000000000000000000000002.0.9102506328933238°updated_channels‘©__start__","{""source"": ""input"", ""step"": 2, ""parents"": {}}"
b120297d-d634-4086-86de-23ebe46762ab,"",1f0f2cf1-0eee-6444-8003-a5ead5672e60,1f0f2cf1-0eed-6044-8002-1a33f81e603b,msgpack,"‡¡v¢tsÙ 2026-01-16T11:32:40.472879+00:00¢idÙ$1f0f2cf1-0eee-6444-8003-a5ead5672e60®channel_values‹¨messages“ÇÇ”½langchain_core.messages.human¬HumanMessage†§content½roadmap to be a python master±additional_kwargs€±response_metadata€¤type¥human¤nameÀ¢idÙ$de4826ee-ad24-4d02-9ea5-39c69a8f8493³model_validate_jsonÈ”ºlangchain_core.messages.ai©AIMessage‰§contentÚBBefore I proceed, I have some questions:
- What is your current level of Python knowledge (beginner, intermediate, advanced)?
- Are there specific areas of Python you want to focus on (e.g., web development, data science, automation)?
- What is your timeline for becoming proficient in Python (e.g., weeks, months, years)?±additional_kwargs€±response_metadata€¤type¢ai¤nameÀ¢idÙ$a46b4a25-94ea-403e-93db-99a6bb66d625ªtool_calls²invalid_tool_calls®usage_metadataÀ³model_validate_jsonÇÍ”½langchain_core.messages.human¬HumanMessage†§contentÙ""intermdeiate, data science, 5weeks±additional_kwargs€±response_metadata€¤type¥human¤nameÀ¢idÙ$9bc5f840-831e-4dba-8fdc-6ca5cb8cc3a6³model_validate_json°success_criteriaÙ'The answer should be clear and accurate°feedback_on_workÀ´success_criteria_metÂ±user_input_neededÃ±planning_completeÂ³clarification_count°enhanced_contextÀ°original_request½roadmap to be a python master±recommended_agentÀ±branch:to:plannerÀ°channel_versionsŒ©__start__Ù200000000000000000000000000000005.0.809086536926738¨messagesÙ200000000000000000000000000000005.0.809086536926738°success_criteriaÙ300000000000000000000000000000002.0.9102506328933238°feedback_on_workÙ300000000000000000000000000000002.0.9102506328933238´success_criteria_metÙ300000000000000000000000000000002.0.9102506328933238±user_input_neededÙ300000000000000000000000000000003.0.7503061158260599±planning_completeÙ300000000000000000000000000000003.0.7503061158260599³clarification_countÙ300000000000000000000000000000003.0.7503061158260599°enhanced_contextÙ300000000000000000000000000000002.0.9102506328933238°original_requestÙ300000000000000000000000000000003.0.7503061158260599±recommended_agentÙ300000000000000000000000000000002.0.9102506328933238±branch:to:plannerÙ200000000000000000000000000000005.0.809086536926738­versions_seenƒ©__input__€©__start__©__start__Ù300000000000000000000000000000004.0.6296745532498368§planner±branch:to:plannerÙ300000000000000000000000000000002.0.9102506328933238°updated_channels’±branch:to:planner¨messages","{""source"": ""loop"", ""step"": 3, ""parents"": {}}"
b120297d-d634-4086-86de-23ebe46762ab,"",1f0f2cf1-29d5-6b36-8004-74e33912fc5c,1f0f2cf1-0eee-6444-8003-a5ead5672e60,msgpack,"‡¡v¢tsÙ 2026-01-16T11:32:43.293975+00:00¢idÙ$1f0f2cf1-29d5-6b36-8004-74e33912fc5c®channel_values‹¨messages“ÇÇ”½langchain_core.messages.human¬HumanMessage†§content½roadmap to be a python master±additional_kwargs€±response_metadata€¤type¥human¤nameÀ¢idÙ$de4826ee-ad24-4d02-9ea5-39c69a8f8493³model_validate_jsonÈ”ºlangchain_core.messages.ai©AIMessage‰§contentÚBBefore I proceed, I have some questions:
- What is your current level of Python knowledge (beginner, intermediate, advanced)?
- Are there specific areas of Python you want to focus on (e.g., web development, data science, automation)?
- What is your timeline for becoming proficient in Python (e.g., weeks, months, years)?±additional_kwargs€±response_metadata€¤type¢ai¤nameÀ¢idÙ$a46b4a25-94ea-403e-93db-99a6bb66d625ªtool_calls²invalid_tool_calls®usage_metadataÀ³model_validate_jsonÇÍ”½langchain_core.messages.human¬HumanMessage†§contentÙ""intermdeiate, data science, 5weeks±additional_kwargs€±response_metadata€¤type¥human¤nameÀ¢idÙ$9bc5f840-831e-4dba-8fdc-6ca5cb8cc3a6³model_validate_json°success_criteriaÙ'The answer should be clear and accurate°feedback_on_workÀ´success_criteria_metÂ±user_input_neededÃ±planning_completeÃ³clarification_count°enhanced_contextÚ
User is an intermediate Python programmer wanting to become a master in data science within 5 weeks. The roadmap should include relevant resources, topics to study, and practical projects that can solidify their understanding and skills in data science using Python.°original_request½roadmap to be a python master±recommended_agent²task_decompositionÙ""branch:to:task_decomposition_agentÀ°channel_versions©__start__Ù200000000000000000000000000000005.0.809086536926738¨messagesÙ200000000000000000000000000000005.0.809086536926738°success_criteriaÙ300000000000000000000000000000002.0.9102506328933238°feedback_on_workÙ300000000000000000000000000000002.0.9102506328933238´success_criteria_metÙ300000000000000000000000000000002.0.9102506328933238±user_input_neededÙ300000000000000000000000000000003.0.7503061158260599±planning_completeÙ400000000000000000000000000000006.0.25618244588638883³clarification_countÙ300000000000000000000000000000003.0.7503061158260599°enhanced_contextÙ400000000000000000000000000000006.0.25618244588638883°original_requestÙ400000000000000000000000000000006.0.25618244588638883±recommended_agentÙ400000000000000000000000000000006.0.25618244588638883±branch:to:plannerÙ400000000000000000000000000000006.0.25618244588638883Ù""branch:to:task_decomposition_agentÙ400000000000000000000000000000006.0.25618244588638883­versions_seenƒ©__input__€©__start__©__start__Ù300000000000000000000000000000004.0.6296745532498368§planner±branch:to:plannerÙ200000000000000000000000000000005.0.809086536926738°updated_channels•Ù""branch:to:task_decomposition_agent°enhanced_context°original_request±planning_complete±recommended_agent","{""source"": ""loop"", ""step"": 4, ""parents"": {}}"
b120297d-d634-4086-86de-23ebe46762ab,"",1f0f2cf1-ba07-6150-8005-f66971d60ed4,1f0f2cf1-29d5-6b36-8004-74e33912fc5c,msgpack,"‡¡v¢tsÙ 2026-01-16T11:32:58.413618+00:00¢idÙ$1f0f2cf1-ba07-6150-8005-f66971d60ed4®channel_values‹¨messages”ÇÇ”½langchain_core.messages.human¬HumanMessage†§content½roadmap to be a python master±additional_kwargs€±response_metadata€¤type¥human¤nameÀ¢idÙ$de4826ee-ad24-4d02-9ea5-39c69a8f8493³model_validate_jsonÈ”ºlangchain_core.messages.ai©AIMessage‰§contentÚBBefore I proceed, I have some questions:
- What is your current level of Python knowledge (beginner, intermediate, advanced)?
- Are there specific areas of Python you want to focus on (e.g., web development, data science, automation)?
- What is your timeline for becoming proficient in Python (e.g., weeks, months, years)?±additional_kwargs€±response_metadata€¤type¢ai¤nameÀ¢idÙ$a46b4a25-94ea-403e-93db-99a6bb66d625ªtool_calls²invalid_tool_calls®usage_metadataÀ³model_validate_jsonÇÍ”½langchain_core.messages.human¬HumanMessage†§contentÙ""intermdeiate, data science, 5weeks±additional_kwargs€±response_metadata€¤type¥human¤nameÀ¢idÙ$9bc5f840-831e-4dba-8fdc-6ca5cb8cc3a6³model_validate_jsonÈ+”ºlangchain_core.messages.ai©AIMessage‰§contentÚXTask Decomposition Results:
## Task Decomposition

**Overall Strategy:**
Follow a structured learning path that builds on each previous subtask, ensuring a balance of theory and practical application. Use projects and competitions to solidify knowledge and demonstrate proficiency.

**Estimated Total Complexity:** high

**Subtasks:**

### 1. Understand Data Science Fundamentals
- **Description:** Study the core concepts of data science, including statistics, data analysis, and machine learning basics. Use resources like online courses (Coursera, edX) and textbooks.
- **Complexity:** medium
- **Dependencies:** (no dependencies)
- **Approach:** Enroll in a foundational data science course and read recommended textbooks or online articles.

### 2. Learn Python Libraries for Data Science
- **Description:** Familiarize yourself with essential Python libraries such as NumPy, Pandas, Matplotlib, and Scikit-learn. Implement small exercises using each library.
- **Complexity:** medium
- **Dependencies:** (depends on: 1)
- **Approach:** Practice through online tutorials and documentation; build small data manipulation projects.

### 3. Complete a Data Visualization Project
- **Description:** Create a data visualization project using Matplotlib and Seaborn, showcasing a dataset of your choice to communicate insights effectively.
- **Complexity:** medium
- **Dependencies:** (depends on: 2)
- **Approach:** Select a dataset from Kaggle or similar sources and create visualizations to tell a story with the data.

### 4. Study Machine Learning Algorithms
- **Description:** Learn about various machine learning algorithms, including supervised and unsupervised learning. Understand model evaluation metrics.
- **Complexity:** high
- **Dependencies:** (depends on: 1)
- **Approach:** Watch video lectures and complete hands-on exercises on platforms like Kaggle or Coursera.

### 5. Implement a Machine Learning Model
- **Description:** Choose a relevant dataset and implement a machine learning model using Scikit-learn. Ensure to perform data preprocessing, model training, and evaluation.
- **Complexity:** high
- **Dependencies:** (depends on: 2, 4)
- **Approach:** Follow a guided project on Kaggle; ensure to document each step of the process.

### 6. Participate in a Data Science Competition
- **Description:** Join a data science competition on Kaggle to apply your skills in a real-world scenario. Work on enhancements and problem-solving with peers.
- **Complexity:** high
- **Dependencies:** (depends on: 3, 5)
- **Approach:** Select a competition that interests you, collaborate with others or study winning solutions.

### 7. Review and Self-assess Skills
- **Description:** Spend time reviewing all learned concepts, projects, and outcomes. Assess your understanding of data science topics and tools.
- **Complexity:** low
- **Dependencies:** (depends on: 6)
- **Approach:** Create summary notes and reflections on what worked well and what you need to improve.

### 8. Prepare a Portfolio of Projects
- **Description:** Compile your projects into a professional portfolio showcasing your skills and projects completed during the learning journey.
- **Complexity:** medium
- **Dependencies:** (depends on: 6, 7)
- **Approach:** Utilize GitHub or a personal website to showcase your projects and properly document each one.

**Recommended Execution Order:** 1 -> 2 -> 4 -> 3 -> 5 -> 6 -> 7 -> 8
±additional_kwargs€±response_metadata€¤type¢ai¤nameÀ¢idÙ$954c3091-a2b0-4c70-a9b3-9f5b1a71305dªtool_calls²invalid_tool_calls®usage_metadataÀ³model_validate_json°success_criteriaÙ'The answer should be clear and accurate°feedback_on_workÀ´success_criteria_metÂ±user_input_neededÃ±planning_completeÃ³clarification_count°enhanced_contextÚ
User is an intermediate Python programmer wanting to become a master in data science within 5 weeks. The roadmap should include relevant resources, topics to study, and practical projects that can solidify their understanding and skills in data science using Python.°original_request½roadmap to be a python master±recommended_agent²task_decomposition³branch:to:evaluatorÀ°channel_versions©__start__Ù200000000000000000000000000000005.0.809086536926738¨messagesÙ300000000000000000000000000000007.0.3471279414894376°success_criteriaÙ300000000000000000000000000000002.0.9102506328933238°feedback_on_workÙ300000000000000000000000000000002.0.9102506328933238´success_criteria_metÙ300000000000000000000000000000002.0.9102506328933238±user_input_neededÙ300000000000000000000000000000003.0.7503061158260599±planning_completeÙ400000000000000000000000000000006.0.25618244588638883³clarification_countÙ300000000000000000000000000000003.0.7503061158260599°enhanced_contextÙ400000000000000000000000000000006.0.25618244588638883°original_requestÙ400000000000000000000000000000006.0.25618244588638883±recommended_agentÙ400000000000000000000000000000006.0.25618244588638883±branch:to:plannerÙ400000000000000000000000000000006.0.25618244588638883Ù""branch:to:task_decomposition_agentÙ300000000000000000000000000000007.0.3471279414894376³branch:to:evaluatorÙ300000000000000000000000000000007.0.3471279414894376­versions_seen„©__input__€©__start__©__start__Ù300000000000000000000000000000004.0.6296745532498368§planner±branch:to:plannerÙ200000000000000000000000000000005.0.809086536926738¸task_decomposition_agentÙ""branch:to:task_decomposition_agentÙ400000000000000000000000000000006.0.25618244588638883°updated_channels’³branch:to:evaluator¨messages","{""source"": ""loop"", ""step"": 5, ""parents"": {}}"
b120297d-d634-4086-86de-23ebe46762ab,"",1f0f2cf1-dbfe-69b6-8006-0def377999c7,1f0f2cf1-ba07-6150-8005-f66971d60ed4,msgpack,"‡¡v¢tsÙ 2026-01-16T11:33:01.975381+00:00¢idÙ$1f0f2cf1-dbfe-69b6-8006-0def377999c7®channel_valuesŠ¨messages•ÇÇ”½langchain_core.messages.human¬HumanMessage†§content½roadmap to be a python master±additional_kwargs€±response_metadata€¤type¥human¤nameÀ¢idÙ$de4826ee-ad24-4d02-9ea5-39c69a8f8493³model_validate_jsonÈ”ºlangchain_core.messages.ai©AIMessage‰§contentÚBBefore I proceed, I have some questions:
- What is your current level of Python knowledge (beginner, intermediate, advanced)?
- Are there specific areas of Python you want to focus on (e.g., web development, data science, automation)?
- What is your timeline for becoming proficient in Python (e.g., weeks, months, years)?±additional_kwargs€±response_metadata€¤type¢ai¤nameÀ¢idÙ$a46b4a25-94ea-403e-93db-99a6bb66d625ªtool_calls²invalid_tool_calls®usage_metadataÀ³model_validate_jsonÇÍ”½langchain_core.messages.human¬HumanMessage†§contentÙ""intermdeiate, data science, 5weeks±additional_kwargs€±response_metadata€¤type¥human¤nameÀ¢idÙ$9bc5f840-831e-4dba-8fdc-6ca5cb8cc3a6³model_validate_jsonÈ+”ºlangchain_core.messages.ai©AIMessage‰§contentÚXTask Decomposition Results:
## Task Decomposition

**Overall Strategy:**
Follow a structured learning path that builds on each previous subtask, ensuring a balance of theory and practical application. Use projects and competitions to solidify knowledge and demonstrate proficiency.

**Estimated Total Complexity:** high

**Subtasks:**

### 1. Understand Data Science Fundamentals
- **Description:** Study the core concepts of data science, including statistics, data analysis, and machine learning basics. Use resources like online courses (Coursera, edX) and textbooks.
- **Complexity:** medium
- **Dependencies:** (no dependencies)
- **Approach:** Enroll in a foundational data science course and read recommended textbooks or online articles.

### 2. Learn Python Libraries for Data Science
- **Description:** Familiarize yourself with essential Python libraries such as NumPy, Pandas, Matplotlib, and Scikit-learn. Implement small exercises using each library.
- **Complexity:** medium
- **Dependencies:** (depends on: 1)
- **Approach:** Practice through online tutorials and documentation; build small data manipulation projects.

### 3. Complete a Data Visualization Project
- **Description:** Create a data visualization project using Matplotlib and Seaborn, showcasing a dataset of your choice to communicate insights effectively.
- **Complexity:** medium
- **Dependencies:** (depends on: 2)
- **Approach:** Select a dataset from Kaggle or similar sources and create visualizations to tell a story with the data.

### 4. Study Machine Learning Algorithms
- **Description:** Learn about various machine learning algorithms, including supervised and unsupervised learning. Understand model evaluation metrics.
- **Complexity:** high
- **Dependencies:** (depends on: 1)
- **Approach:** Watch video lectures and complete hands-on exercises on platforms like Kaggle or Coursera.

### 5. Implement a Machine Learning Model
- **Description:** Choose a relevant dataset and implement a machine learning model using Scikit-learn. Ensure to perform data preprocessing, model training, and evaluation.
- **Complexity:** high
- **Dependencies:** (depends on: 2, 4)
- **Approach:** Follow a guided project on Kaggle; ensure to document each step of the process.

### 6. Participate in a Data Science Competition
- **Description:** Join a data science competition on Kaggle to apply your skills in a real-world scenario. Work on enhancements and problem-solving with peers.
- **Complexity:** high
- **Dependencies:** (depends on: 3, 5)
- **Approach:** Select a competition that interests you, collaborate with others or study winning solutions.

### 7. Review and Self-assess Skills
- **Description:** Spend time reviewing all learned concepts, projects, and outcomes. Assess your understanding of data science topics and tools.
- **Complexity:** low
- **Dependencies:** (depends on: 6)
- **Approach:** Create summary notes and reflections on what worked well and what you need to improve.

### 8. Prepare a Portfolio of Projects
- **Description:** Compile your projects into a professional portfolio showcasing your skills and projects completed during the learning journey.
- **Complexity:** medium
- **Dependencies:** (depends on: 6, 7)
- **Approach:** Utilize GitHub or a personal website to showcase your projects and properly document each one.

**Recommended Execution Order:** 1 -> 2 -> 4 -> 3 -> 5 -> 6 -> 7 -> 8
±additional_kwargs€±response_metadata€¤type¢ai¤nameÀ¢idÙ$954c3091-a2b0-4c70-a9b3-9f5b1a71305dªtool_calls²invalid_tool_calls®usage_metadataÀ³model_validate_jsonÈ¨”ºlangchain_core.messages.ai©AIMessage‰§contentÚÕEvaluator Feedback on this answer: The Assistant provided a detailed and structured roadmap to help the user become proficient in Python for data science within the specified timeframe of 5 weeks. Each subtask is clearly outlined, along with descriptions, complexities, dependencies, and approaches. This meets the criteria of providing a clear and accurate answer. However, while the roadmap is comprehensive, it does not include any follow-up questions or prompts for feedback from the user regarding their preferences or additional areas of interest. Although it is a solid response, it could be improved by inviting further user input or clarifications as needed based on the user's learning style or resources available.±additional_kwargs€±response_metadata€¤type¢ai¤nameÀ¢idÙ$af404a37-eac4-4eb2-8794-7062fe8733cfªtool_calls²invalid_tool_calls®usage_metadataÀ³model_validate_json°success_criteriaÙ'The answer should be clear and accurate°feedback_on_workÚ²The Assistant provided a detailed and structured roadmap to help the user become proficient in Python for data science within the specified timeframe of 5 weeks. Each subtask is clearly outlined, along with descriptions, complexities, dependencies, and approaches. This meets the criteria of providing a clear and accurate answer. However, while the roadmap is comprehensive, it does not include any follow-up questions or prompts for feedback from the user regarding their preferences or additional areas of interest. Although it is a solid response, it could be improved by inviting further user input or clarifications as needed based on the user's learning style or resources available.´success_criteria_metÃ±user_input_neededÃ±planning_completeÃ³clarification_count°enhanced_contextÚ
User is an intermediate Python programmer wanting to become a master in data science within 5 weeks. The roadmap should include relevant resources, topics to study, and practical projects that can solidify their understanding and skills in data science using Python.°original_request½roadmap to be a python master±recommended_agent²task_decomposition°channel_versions©__start__Ù200000000000000000000000000000005.0.809086536926738¨messagesÙ400000000000000000000000000000008.0.27410628387991254°success_criteriaÙ300000000000000000000000000000002.0.9102506328933238°feedback_on_workÙ400000000000000000000000000000008.0.27410628387991254´success_criteria_metÙ400000000000000000000000000000008.0.27410628387991254±user_input_neededÙ400000000000000000000000000000008.0.27410628387991254±planning_completeÙ400000000000000000000000000000006.0.25618244588638883³clarification_countÙ300000000000000000000000000000003.0.7503061158260599°enhanced_contextÙ400000000000000000000000000000006.0.25618244588638883°original_requestÙ400000000000000000000000000000006.0.25618244588638883±recommended_agentÙ400000000000000000000000000000006.0.25618244588638883±branch:to:plannerÙ400000000000000000000000000000006.0.25618244588638883Ù""branch:to:task_decomposition_agentÙ300000000000000000000000000000007.0.3471279414894376³branch:to:evaluatorÙ400000000000000000000000000000008.0.27410628387991254­versions_seen…©__input__€©__start__©__start__Ù300000000000000000000000000000004.0.6296745532498368§planner±branch:to:plannerÙ200000000000000000000000000000005.0.809086536926738¸task_decomposition_agentÙ""branch:to:task_decomposition_agentÙ400000000000000000000000000000006.0.25618244588638883©evaluator³branch:to:evaluatorÙ300000000000000000000000000000007.0.3471279414894376°updated_channels”°feedback_on_work¨messages´success_criteria_met±user_input_needed","{""source"": ""loop"", ""step"": 6, ""parents"": {}}"
